module,skill,display-name,menu-code,description,action,args,phase,preceded-by,followed-by,required,output-location,outputs
BMAD Performance Marketing,_meta,,,,,,,,,false,https://github.com/bluecoral-vn/bmad-performance-marketing,
BMAD Performance Marketing,bmad-marketing-orchestrator,Marketing Orchestrator,MO,Strategic marketing leader who coordinates all marketing activities and delegates to specialists.,,,anytime,,,false,marketing_artifacts,strategy briefs and delegation plans
BMAD Performance Marketing,bmad-content-architect,Content Architect,CA,"Content strategy and creation expert — calendars, briefs, blog architecture, landing pages.",,,anytime,,,false,marketing_artifacts,editorial calendar and content briefs
BMAD Performance Marketing,bmad-seo-strategist,SEO Strategist,SEO,"Search engine optimization specialist — keyword research, technical SEO, topic clusters.",,,anytime,,,false,marketing_artifacts,keyword maps and SEO audits
BMAD Performance Marketing,bmad-social-media-strategist,Social Media Strategist,SMS,Multi-platform social media lead who orchestrates 8 channel specialists.,,,anytime,,,false,marketing_artifacts,multi-platform social plans
BMAD Performance Marketing,bmad-launch-coordinator,Launch Coordinator,LC,Product launch and campaign orchestration — J-14 to J+7 sequences.,,,anytime,,,false,marketing_artifacts,launch sequence plans
BMAD Performance Marketing,bmad-growth-analyst,Growth Analyst,GAN,"Analytics, metrics, and growth tracking — dashboards, A/B tests, funnel audits.",,,anytime,,,false,marketing_artifacts,metrics dashboards and experiment plans
BMAD Performance Marketing,bmad-cro-strategist,CRO Strategist,CRO,"Conversion optimization lead — pages, signup, onboarding, forms, popups, paywalls, and experiment backlogs.",,,anytime,,,false,marketing_artifacts,CRO audits and experiment plans
BMAD Performance Marketing,bmad-paid-media-buyer,Paid Media Buyer,PMB,"Paid acquisition specialist — channel selection, campaign architecture, creative matrices, tracking, and optimization.",,,anytime,,,false,marketing_artifacts,paid media plans and creative matrices
BMAD Performance Marketing,bmad-lifecycle-marketer,Lifecycle Marketer,LMK,"Lifecycle and email growth — onboarding, nurture, cold outbound, churn prevention, dunning, win-back.",,,anytime,,,false,marketing_artifacts,lifecycle maps and email sequences
BMAD Performance Marketing,bmad-revops-strategist,RevOps Strategist,ROS,"Revenue operations and sales enablement — lead scoring, routing, CRM handoff, battlecards, sales assets.",,,anytime,,,false,marketing_artifacts,RevOps specs and sales enablement assets
BMAD Performance Marketing,bmad-monetization-strategist,Monetization Strategist,MON,"Pricing and packaging strategy — value metrics, tiers, freemium/trials, paywalls, monetization experiments.",,,anytime,,,false,marketing_artifacts,pricing and monetization plans
BMAD Performance Marketing,bmad-growth-loop-designer,Growth Loop Designer,GLD,"Growth loops — free tools, lead magnets, referral/affiliate programs, community flywheels, sharing loops.",,,anytime,,,false,marketing_artifacts,growth loop briefs and launch plans
BMAD Performance Marketing,bmad-twitter-ghostwriter,Twitter Ghostwriter,TW,"Twitter/X viral content and personal branding — threads, hooks, engagement loops.",,,anytime,,,false,marketing_artifacts,Twitter threads and content
BMAD Performance Marketing,bmad-reddit-growth-hacker,Reddit Growth Hacker,RD,"Reddit community marketing — subreddit research, post strategy, karma building.",,,anytime,,,false,marketing_artifacts,Reddit posts and engagement plans
BMAD Performance Marketing,bmad-linkedin-creator,LinkedIn Creator,LI,"LinkedIn B2B content and thought leadership — founder voice, carousels, articles.",,,anytime,,,false,marketing_artifacts,LinkedIn posts and content series
BMAD Performance Marketing,bmad-youtube-strategist,YouTube Strategist,YT,"YouTube growth and video SEO — channel architecture, scripts, retention optimization.",,,anytime,,,false,marketing_artifacts,YouTube scripts and channel plans
BMAD Performance Marketing,bmad-discord-community-manager,Discord Community Manager,DC,"Discord community building — server architecture, role hierarchies, engagement rituals.",,,anytime,,,false,marketing_artifacts,Discord server plans
BMAD Performance Marketing,bmad-instagram-strategist,Instagram Strategist,IG,"Instagram visual content and Reels — grid aesthetics, Reels formulas, Stories funnels.",,,anytime,,,false,marketing_artifacts,Instagram content plans
BMAD Performance Marketing,bmad-tiktok-creator,TikTok Creator,TT,"TikTok viral short-form video — trending sounds, native formats, 3-second hooks.",,,anytime,,,false,marketing_artifacts,TikTok video scripts
BMAD Performance Marketing,bmad-pinterest-strategist,Pinterest Strategist,PT,"Pinterest SEO and evergreen traffic — pin templates, board taxonomies, idea-pin sequences.",,,anytime,,,false,marketing_artifacts,Pinterest content strategies
BMAD Performance Marketing,bmad-create-marketing-context,Create Marketing Context,MC,"Shared marketing context workflow — product, ICP, positioning, customer language, objections, and proof points.",,,1-analysis,,,true,marketing_artifacts,marketing context and positioning summary
BMAD Performance Marketing,bmad-marketing-strategy,Marketing Strategy,MS,Comprehensive marketing strategy workflow — orchestrates all department leads.,,,2-planning,bmad-create-marketing-context,,false,marketing_artifacts,full marketing strategy
BMAD Performance Marketing,bmad-content-pipeline,Content Pipeline,CP,Brief → drafting → publication content workflow.,,,3-execution,bmad-create-marketing-context,,false,marketing_artifacts,published content
BMAD Performance Marketing,bmad-social-campaign,Social Campaign,SC,Multi-platform social media campaign — strategy through publication.,,,3-execution,bmad-create-marketing-context,,false,marketing_artifacts,executed social campaign
BMAD Performance Marketing,bmad-launch-sequence,Launch Sequence,LS,J-14 → Launch Day → J+7 product launch coordination.,,,3-execution,bmad-create-marketing-context,,false,marketing_artifacts,launch execution plan
BMAD Performance Marketing,bmad-growth-audit,Growth Audit,GA,Comprehensive KPI audit + recommendations.,,,1-analysis,bmad-create-marketing-context,,false,marketing_artifacts,growth audit report
BMAD Performance Marketing,bmad-seo-sprint,SEO Sprint,SS,Audit → keywords → content gaps → quick wins.,,,2-planning,bmad-create-marketing-context,,false,marketing_artifacts,SEO sprint plan
BMAD Performance Marketing,bmad-cro-sprint,CRO Sprint,CS,"Focused CRO workflow — diagnose conversion leaks, prioritize hypotheses, design experiments, and produce action plans.",,,3-execution,bmad-create-marketing-context,,false,marketing_artifacts,CRO sprint plan and experiment backlog
BMAD Performance Marketing,bmad-paid-acquisition-sprint,Paid Acquisition Sprint,PAS,"Paid acquisition workflow — channel selection, campaign architecture, creative matrix, tracking, launch checklist, and optimization cadence.",,,3-execution,bmad-create-marketing-context,,false,marketing_artifacts,paid acquisition sprint plan
BMAD Performance Marketing,bmad-customer-research-sprint,Customer Research Sprint,CRS,Customer/ICP/VOC/JTBD/review mining and competitor profiling workflow.,,,1-analysis,bmad-create-marketing-context,,false,marketing_artifacts,customer research synthesis and marketing context updates
BMAD Performance Marketing,bmad-advanced-seo-sprint,Advanced SEO Sprint,ASEO,"Advanced SEO workflow — AI SEO/AEO/GEO, pSEO, schema, site architecture, competitor pages, ASO.",,,2-planning,bmad-create-marketing-context,,false,marketing_artifacts,advanced SEO implementation backlog
BMAD Performance Marketing,bmad-copy-conversion-sprint,Copy Conversion Sprint,CCS,"Copywriting/editing workflow — conversion copy, marketing psychology, copy sweeps, and test-ready variants.",,,3-execution,bmad-create-marketing-context,,false,marketing_artifacts,conversion copy and experiment plan
BMAD Performance Marketing,bmad-lifecycle-email-sprint,Lifecycle Email Sprint,LES,"Lifecycle workflow — email sequences, cold outbound, onboarding, churn prevention, dunning, win-back.",,,3-execution,bmad-create-marketing-context,,false,marketing_artifacts,lifecycle sequence architecture and copy
BMAD Performance Marketing,bmad-revops-enablement-sprint,RevOps Enablement Sprint,RES,"RevOps workflow — lead lifecycle, scoring/routing, CRM fields, sales enablement, battlecards, demo scripts.",,,3-execution,bmad-create-marketing-context,,false,marketing_artifacts,RevOps operating model and enablement kit
BMAD Performance Marketing,bmad-monetization-sprint,Monetization Sprint,MNS,"Monetization workflow — pricing, packaging, value metric, trials/freemium, pricing page, paywalls.",,,2-planning,bmad-create-marketing-context,,false,marketing_artifacts,pricing and monetization strategy
BMAD Performance Marketing,bmad-growth-loops-sprint,Growth Loops Sprint,GLS,"Growth loop workflow — free tools, lead magnets, referral/affiliate programs, community flywheels.",,,3-execution,bmad-create-marketing-context,,false,marketing_artifacts,growth loop design and launch plan
BMAD Performance Marketing,bmad-creative-production-sprint,Creative Production Sprint,CPS,"Creative workflow — image/video/ad/social creative briefs, variations, specs, QA, and test plan.",,,3-execution,bmad-create-marketing-context,,false,marketing_artifacts,creative matrix and production briefs
